1;Moto;Suzuki Gixxer DI 150 cc;Calle;Suzuki;Gixxer DI;Yamaha;1599900
2;Moto;Suzuki GSX 250 R 250 cc;Calle;Suzuki;GSX 250 R;Yamaha;3699900
3;Moto;Suzuki ANRace Cross Race Cross cc;Scooter;Suzuki;ANRace Cross;Yamaha;999900
4;Moto;Suzuki AN650Z 650 cc;Scooter;Suzuki;AN650Z;Yamaha;8499900
5;Moto;Suzuki GSX-S750A 750 cc;Deportiva;Suzuki;GSX-S750A;Yamaha;7999900
6;Moto;Suzuki HAYABUSA 1300 cc;Deportiva;Suzuki;HAYABUSA;Yamaha;11499900
7;Moto;Suzuki GSX-R1000R 1000 cc;Deportiva;Suzuki;GSX-R1000R;Yamaha;15990900
8;Moto;Suzuki DR200S 200 cc;Multiproposito;Suzuki;DR200S;Yamaha;2999900
9;Moto;Suzuki Vstrom 1000XT 1000 cc;Multiproposito;Suzuki;Vstrom 1000XT;Yamaha;10499900
10;Moto;Suzuki RMZ450 450 cc;Motocross;Suzuki;RMZ450;Yamaha;6999000
11;Moto;Suzuki RMZ250 250 cc;Motocross;Suzuki;RMZ250;Yamaha;6499900
12;Moto;Honda CB190R 190 cc;Calle;Honda;CB190R;Honda;1690000
13;Moto;Honda CBR300R 300 cc;Calle;Honda;CBR300R;Honda;2990000
14;Moto;Honda CB1 Race Cross cc;Calle;Honda;CB1;Honda;699000
15;Moto;Honda CB500F 500 cc;Calle;Honda;CB500F;Honda;4950000
16;Moto;Honda Africa twin 1000 cc;Multiproposito;Honda;Africa twin;Honda;11990000
17;Moto;Honda VFR1200 1200 cc;Multiproposito;Honda;VFR1200;Honda;9990000
18;Moto;Honda CBR600RR 600 cc;Deportiva;Honda;CBR600RR;Honda;8990000
19;Moto;Honda CBR1000RR FIREBLADE 1000 cc;Deportiva;Honda;CBR1000RR FIREBLADE;Honda;12990000
20;Moto;Honda CRF450R 450 cc;Motocross;Honda;CRF450R;Honda;7490000
21;Moto;Yamaha XA-Race Cross Race Cross cc;Scooter;Yamaha;XA-Race Cross;Race Cross;1199000
22;Moto;Yamaha FZ25 250 cc;Calle;Yamaha;FZ25;Race Cross;2290000
23;Moto;Yamaha YBR-Race Cross Race Cross cc;Calle;Yamaha;YBR-Race Cross;Race Cross;1190000
24;Moto;Yamaha MT-10 1000 cc;Deportiva;Yamaha;MT-10;Race Cross;10990000
25;Moto;Yamaha YZF-R1 1000 cc;Deportiva;Yamaha;YZF-R1;Race Cross;13390000
26;Moto;Yamaha YZ-250X 250 cc;Motocross;Yamaha;YZ-250X;Race Cross;5290000
27;Accesorio;Manubrio Moto Renthal;;Honda;Africa twin;Yamaha;19990
28;Accesorio;Pu�o moto Protaper;;Honda;CB1;Honda;14990
29;Accesorio;Antiparra Piloto Oakley;;;;Race Cross;12990
30;Accesorio;Casco veloce gt Piloto AGV;;;;Race Cross;359990
31;Accesorio;Escape Moto Yoshimura;;Suzuki;GSX-S750A;Honda;89990
32;Accesorio;Espejo retractiles Moto Rizoma;;Yamaha;XA-Race Cross;Yamaha;15990
33;Accesorio;Guantes Piloto Alpinestars;;;;Yamaha;159990
34;Accesorio;Balaclava Piloto Alpinestars;;;;Honda;22900
35;Accesorio;Led 8000lm Moto;;;;Race Cross;19200
36;Accesorio;Manillas Moto Yamaha;;Yamaha;YZ-250X;Race Cross;5990
37;Accesorio;Botas Piloto Gaerne;;;;Yamaha;250000
38;Accesorio;Calcetines Piloto Alpinestars;;;;Honda;9990
39;Repuesto;Aceite Castrol 10W-50 Full sintetico;;Suzuki;GSX-S750A;Yamaha;14990
40;Repuesto;Aceite Castrol 10W-40 semi sintetico;;Honda;CBR300R;Honda;9500
41;Repuesto;Bujia NGK CR8E estandar;;;;Yamaha;7990
42;Repuesto;Bujia NGK CR9E iridium;;Yamaha;YZF-R1;Race Cross;12990
43;Repuesto;Aceite Motul 10W-30 full sintetico;;Yamaha;FZ25;Honda;12990
44;Repuesto;Aceite Repsol 15W-50 semi sintetico;;;;Honda;6500
45;Repuesto;Bujia GONHER CR8E estandar;;;;Race Cross;6990
46;Repuesto;Bujia BOSCH CR9E iridium;;;;Yamaha;10900
47;Repuesto;Aceite bel_ray 20W-50 full sintetico;;;;Race Cross;15990
48;Repuesto;Aceite Amsoil 10W-40 semi sintetico;;Honda;CBR1000RR FIREBLADE;Honda;9990
49;Repuesto;Bijia Champion CR9E iridium;;;;Race Cross;11990
50;Repuesto;Bujia Acdelco CR8E estandar;;;;Yamaha;6790
